нейронные_сети	21
байесовские_методы	11
естественные_языки	9
векторные_вложения	6
графические_модели	5
обучение_с_подкреплением	5
последовательности	5
теория_машинного_обучения	5
выбор_модели	4
генеративные_модели	4
постановка_задачи	4
функции_потерь	4
EM	3
MCMC	3
изображения	3
математическая_статистика	3
подготовка_данных	3
практические_приёмы	3
пререквизиты_из_математики	3
регуляризация	3
статистический_вывод	3
трансформеры	3
эксперименты	3
временные_ряды	2
методы_оптимизации	2
метрики_качества	2
рабочий_процесс	2
решающие_деревья	2
теория_информации	2
активное_обучение	1
гауссовские_процессы	1
графы	1
интересные_факты	1
интерпретация	1
непараметрические_методы	1
рекомендательные_системы	1
тематическое_моделирование	1
